{"parameters/graph_2layer2.0.bias":{"bins":[-0.11227376013994217,-0.1103782206773758,-0.10848268121480942,-0.10658713430166245,-0.10469159483909607,-0.1027960553765297,-0.10090051591396332,-0.09900496900081635,-0.09710942953824997,-0.0952138900756836,-0.09331835061311722,-0.09142281115055084,-0.08952726423740387,-0.0876317247748375,-0.08573618531227112,-0.08384063839912415,-0.08194509893655777,-0.0800495594739914,-0.07815402001142502,-0.07625848054885864,-0.07436293363571167,-0.0724673941731453,-0.07057185471057892,-0.06867630779743195,-0.06678077578544617,-0.0648852288722992,-0.06298968940973282,-0.061094146221876144,-0.05919860675930977,-0.057303063571453094,-0.05540752410888672,-0.053511980921030045,-0.05161644145846367,-0.04972090199589729,-0.04782535880804062,-0.04592981934547424,-0.04403427615761757,-0.04213873669505119,-0.04024319350719452,-0.03834765404462814,-0.03645211085677147,-0.03455657139420509,-0.03266102820634842,-0.030765488743782043,-0.02886994555592537,-0.026974406093358994,-0.02507886290550232,-0.023183323442935944,-0.02128778211772442,-0.019392240792512894,-0.01749669946730137,-0.015601158142089844,-0.013705616816878319,-0.011810075491666794,-0.009914534166455269,-0.008018992841243744,-0.0061234524473547935,-0.004227911122143269,-0.0023323697969317436,-0.00043682847172021866,0.001458712387830019,0.003354253713041544,0.005249794572591782,0.007145335897803307,0.009040877223014832],"_type":"histogram","values":[1,0,0,0,0,0,0,0,0,1,0,0,0,1,0,0,1,1,0,1,3,1,2,1,2,1,0,1,2,0,0,1,2,1,0,1,0,1,1,1,0,0,0,0,0,1,0,0,1,0,1,0,0,0,0,0,0,0,0,0,0,0,0,2]},"_wandb":{"runtime":94},"gradients/graph_2fc.bias":{"values":[1,0,0,0,0,0,0,0,0,0,0,0,0,0,0,0,0,0,0,0,0,0,0,1,0,0,2,0,2,1,0,0,1,0,0,1,0,0,0,0,0,0,0,0,0,0,0,0,0,0,0,0,0,0,0,0,0,0,0,0,0,0,0,1],"bins":[-0.009047949686646461,-0.008740711025893688,-0.008433472365140915,-0.008126233704388142,-0.007818995043635368,-0.007511756382882595,-0.007204517722129822,-0.0068972790613770485,-0.006590040400624275,-0.006282801739871502,-0.005975563079118729,-0.005668324418365955,-0.005361085757613182,-0.005053847096860409,-0.0047466084361076355,-0.004439369775354862,-0.004132131114602089,-0.0038248924538493156,-0.0035176537930965424,-0.003210415132343769,-0.002903176471590996,-0.0025959378108382225,-0.0022886991500854492,-0.001981460489332676,-0.0016742218285799026,-0.0013669831678271294,-0.001059744507074356,-0.0007525058463215828,-0.0004452671855688095,-0.00013802852481603622,0.00016921013593673706,0.00047644879668951035,0.0007836874574422836,0.001090926118195057,0.0013981647789478302,0.0017054034397006035,0.0020126421004533768,0.00231988076120615,0.0026271194219589233,0.0029343580827116966,0.00324159674346447,0.003548835404217243,0.0038560740649700165,0.00416331272572279,0.004470551386475563,0.004777790047228336,0.00508502870798111,0.005392267368733883,0.005699506029486656,0.0060067446902394295,0.006313983350992203,0.006621222011744976,0.006928460672497749,0.007235699333250523,0.007542937994003296,0.00785017665475607,0.008157415315508842,0.008464653976261616,0.008771892637014389,0.009079131297767162,0.009386369958519936,0.009693608619272709,0.010000847280025482,0.010308085940778255,0.010615324601531029],"_type":"histogram"},"parameters/graph_2layer1.0.weight":{"bins":[-0.5857372283935547,-0.5682934522628784,-0.5508497357368469,-0.5334059596061707,-0.5159622430801392,-0.4985184669494629,-0.4810746908187866,-0.46363094449043274,-0.44618719816207886,-0.428743451833725,-0.4112997055053711,-0.3938559293746948,-0.37641218304634094,-0.35896843671798706,-0.3415246605873108,-0.3240809142589569,-0.306637167930603,-0.28919342160224915,-0.27174967527389526,-0.254305899143219,-0.2368621528148651,-0.21941840648651123,-0.20197463035583496,-0.18453088402748108,-0.1670871376991272,-0.14964339137077332,-0.13219964504241943,-0.11475586891174316,-0.09731212258338928,-0.0798683762550354,-0.06242460012435913,-0.04498088359832764,-0.027537047863006592,-0.010093271732330322,0.007350444793701172,0.02479422092437744,0.04223796725273132,0.059681713581085205,0.07712548971176147,0.09456923604011536,0.11201298236846924,0.12945672869682312,0.146900475025177,0.16434425115585327,0.18178799748420715,0.19923174381256104,0.2166755199432373,0.2341192662715912,0.25156301259994507,0.26900675892829895,0.28645050525665283,0.3038942813873291,0.321338027715683,0.33878177404403687,0.35622555017471313,0.373669296503067,0.3911130428314209,0.4085567891597748,0.42600053548812866,0.44344431161880493,0.4608880579471588,0.4783318042755127,0.49577558040618896,0.5132192969322205,0.5306630730628967],"_type":"histogram","values":[1,1,1,1,1,1,0,0,3,3,3,3,3,5,5,7,2,6,4,7,7,6,15,11,6,8,10,12,9,7,7,23,9,19,10,13,11,8,18,11,11,12,5,16,10,11,6,11,6,10,8,7,1,5,1,0,0,0,1,0,1,0,0,1]},"gradients/graph_2layer2.0.bias":{"bins":[-0.007461945526301861,-0.007073458284139633,-0.006684971507638693,-0.006296484265476465,-0.005907997488975525,-0.005519510246813297,-0.00513102300465107,-0.004742535762488842,-0.004354048985987902,-0.003965562209486961,-0.0035770749673247337,-0.003188587725162506,-0.0028001004830002785,-0.002411613706499338,-0.0020231264643371105,-0.0016346396878361702,-0.0012461524456739426,-0.0008576652035117149,-0.0004691784270107746,-8.069118484854698e-05,0.00030779559165239334,0.000696282833814621,0.0010847700759768486,0.0014732573181390762,0.0018617445603013039,0.002250230871140957,0.0026387181133031845,0.003027205355465412,0.0034156925976276398,0.0038041798397898674,0.00419266615062952,0.004581153392791748,0.004969639703631401,0.005358126945793629,0.005746614187955856,0.006135100498795509,0.006523587740957737,0.006912074983119965,0.007300562225282192,0.00768904946744442,0.008077535778284073,0.0084660230204463,0.008854510262608528,0.009242997504770756,0.009631484746932983,0.010019971057772636,0.010408459231257439,0.010796945542097092,0.01118543278425932,0.011573920026421547,0.0119624063372612,0.012350894510746002,0.012739380821585655,0.013127868063747883,0.01351635530591011,0.013904842548072338,0.014293329790234566,0.014681816101074219,0.015070303343236446,0.015458790585398674,0.015847276896238327,0.01623576506972313,0.016624251380562782,0.017012739554047585,0.017401225864887238],"_type":"histogram","values":[1,0,0,0,0,1,0,0,0,1,1,1,0,1,2,1,0,0,1,2,1,3,0,1,1,0,0,1,0,2,2,1,0,1,0,0,2,0,1,0,1,0,0,0,2,0,0,0,0,0,0,0,0,0,0,0,0,0,0,0,0,0,0,1]},"loss":0.023154962807893753,"gradients/graph_2layer1.0.bias":{"values":[2,0,0,0,0,0,0,0,1,0,0,0,0,0,0,0,0,0,0,0,0,0,0,0,0,0,0,0,0,1,0,0,0,0,0,0,0,0,0,0,0,0,2,2,0,1,0,0,3,0,0,0,0,1,0,1,1,0,0,0,0,0,0,1],"bins":[-0.08876651525497437,-0.08683900535106659,-0.08491148799657822,-0.08298397809267044,-0.08105646073818207,-0.07912895083427429,-0.07720144093036652,-0.07527392357587814,-0.07334641367197037,-0.071418896317482,-0.06949138641357422,-0.06756387650966644,-0.06563635915517807,-0.0637088492512703,-0.06178133189678192,-0.059853821992874146,-0.05792630836367607,-0.055998794734478,-0.05407128110527992,-0.05214377120137215,-0.05021625757217407,-0.048288743942976,-0.046361230313777924,-0.04443371668457985,-0.042506203055381775,-0.040578693151474,-0.038651179522275925,-0.03672366589307785,-0.034796152263879776,-0.0328686386346817,-0.030941128730773926,-0.02901361510157585,-0.027086105197668076,-0.02515859156847,-0.023231077939271927,-0.02130356803536415,-0.019376054406166077,-0.017448540776968002,-0.015521027147769928,-0.013593513518571854,-0.011666003614664078,-0.009738489985466003,-0.007810976356267929,-0.005883462727069855,-0.00395594909787178,-0.002028435468673706,-0.00010092556476593018,0.0018265880644321442,0.0037541016936302185,0.005681615322828293,0.007609127089381218,0.009536640718579292,0.011464152485132217,0.013391666114330292,0.015319179743528366,0.01724669151008129,0.019174205139279366,0.02110171690583229,0.023029230535030365,0.02495674416422844,0.026884257793426514,0.02881176955997944,0.030739283189177513,0.03266679495573044,0.03459430858492851],"_type":"histogram"},"parameters/graph_2fc.bias":{"_type":"histogram",