{"gradients/graph_1fc.weight":{"values":[1,2,1,2,0,4,4,6,9,13,5,12,13,11,16,18,27,33,47,47,60,88,109,123,160,263,527,12562,603,266,142,108,64,56,46,44,25,29,22,20,14,11,7,12,11,4,1,5,4,3,4,7,1,0,0,2,1,2,0,1,1,0,0,1],"bins":[-0.03574220836162567,-0.034435778856277466,-0.03312934935092926,-0.031822919845581055,-0.03051649034023285,-0.029210060834884644,-0.027903631329536438,-0.026597201824188232,-0.025290772318840027,-0.02398434281349182,-0.022677913308143616,-0.02137148380279541,-0.020065054297447205,-0.018758624792099,-0.017452195286750793,-0.016145765781402588,-0.014839336276054382,-0.013532906770706177,-0.012226477265357971,-0.010920047760009766,-0.00961361825466156,-0.008307188749313354,-0.007000759243965149,-0.005694329738616943,-0.004387900233268738,-0.0030814707279205322,-0.0017750412225723267,-0.0004686117172241211,0.0008378177881240845,0.00214424729347229,0.0034506767988204956,0.004757106304168701,0.006063532084226608,0.007369961589574814,0.00867639109492302,0.009982820600271225,0.01128925010561943,0.012595679610967636,0.013902109116315842,0.015208538621664047,0.016514968127012253,0.01782139763236046,0.019127827137708664,0.02043425664305687,0.021740686148405075,0.02304711565375328,0.024353545159101486,0.025659974664449692,0.026966404169797897,0.028272833675146103,0.02957926318049431,0.030885692685842514,0.03219212219119072,0.033498551696538925,0.03480498120188713,0.036111410707235336,0.03741784021258354,0.03872426971793175,0.04003069922327995,0.04133712872862816,0.042643558233976364,0.04394998773932457,0.045256417244672775,0.04656284675002098,0.047869276255369186],"_type":"histogram"},"gradients/graph_1layer2.0.weight":{"values":[3,4,0,0,2,1,4,7,10,9,17,20,30,43,61,67,109,172,237,314,392,653,932,1414,3012,1819,1115,662,480,304,225,146,111,67,79,43,54,30,26,27,13,13,13,9,13,8,10,2,2,4,1,2,2,1,1,2,0,1,0,0,0,1,0,1],"bins":[-0.008049027994275093,-0.007725219242274761,-0.007401410024613142,-0.007077600806951523,-0.006753792054951191,-0.006429983302950859,-0.00610617408528924,-0.005782364867627621,-0.005458556115627289,-0.005134747363626957,-0.004810938145965338,-0.004487128928303719,-0.004163320176303387,-0.003839511424303055,-0.0035157022066414356,-0.0031918929889798164,-0.0028680842369794846,-0.0025442754849791527,-0.0022204662673175335,-0.0018966570496559143,-0.0015728482976555824,-0.0012490395456552505,-0.0009252303279936314,-0.0006014211103320122,-0.0002776123583316803,4.619639366865158e-05,0.00037000514566898346,0.00069381482899189,0.0010176235809922218,0.0013414323329925537,0.0016652420163154602,0.001989050768315792,0.0023128604516386986,0.0026366692036390305,0.0029604779556393623,0.003284287638962269,0.0036080963909626007,0.003931905142962933,0.004255714826285839,0.004579523578286171,0.004903332330286503,0.005227141082286835,0.005550950299948454,0.005874759517610073,0.006198568269610405,0.006522377021610737,0.006846186239272356,0.007169995456933975,0.007493804208934307,0.007817612960934639,0.008141422644257545,0.008465231396257877,0.00878904014825821,0.009112848900258541,0.009436657652258873,0.00976046733558178,0.010084276087582111,0.010408084839582443,0.01073189452290535,0.011055703274905682,0.011379512026906013,0.011703320778906345,0.012027129530906677,0.012350939214229584,0.012674747966229916],"_type":"histogram"},"parameters/graph_1layer1.0.bias":{"bins":[-0.22602048516273499,-0.22227206826210022,-0.21852365136146545,-0.2147752344608307,-0.21102683246135712,-0.20727841556072235,-0.20352999866008759,-0.19978158175945282,-0.19603316485881805,-0.1922847479581833,-0.18853634595870972,-0.18478792905807495,-0.18103951215744019,-0.17729109525680542,-0.17354267835617065,-0.1697942614555359,-0.16604584455490112,-0.16229742765426636,-0.1585490107536316,-0.15480059385299683,-0.15105219185352325,-0.1473037749528885,-0.14355535805225372,-0.13980694115161896,-0.13605853915214539,-0.13231012225151062,-0.12856170535087585,-0.12481328845024109,-0.12106487154960632,-0.11731645464897156,-0.11356803774833679,-0.10981962829828262,-0.10607121139764786,-0.10232279449701309,-0.09857438504695892,-0.09482596814632416,-0.09107755124568939,-0.08732913434505463,-0.08358072489500046,-0.07983230799436569,-0.07608389109373093,-0.07233548164367676,-0.06858706474304199,-0.06483864784240723,-0.06109023466706276,-0.05734182521700859,-0.053593408316373825,-0.04984499141573906,-0.04609657824039459,-0.042348165065050125,-0.03859974816441536,-0.03485133498907089,-0.031102918088436127,-0.02735450491309166,-0.023606088012456894,-0.019857674837112427,-0.01610925793647766,-0.01236084382981062,-0.008612428791821003,-0.0048640137538313866,-0.0011155996471643448,0.0026328153908252716,0.006381229963153601,0.01012964453548193,0.013878059573471546],"_type":"histogram","values":[1,0,1,0,0,0,0,0,0,0,0,0,0,0,0,0,0,0,0,1,0,0,0,0,0,0,0,1,0,0,0,0,0,0,0,0,1,0,0,1,0,0,1,0,1,0,1,1,0,0,0,0,1,0,1,1,0,0,0,1,0,1,0,1]},"parameters/graph_1fc.weight":{"values":[2,0,0,1,0,3,2,4,0,8,8,9,16,14,12,35,22,35,37,64,65,105,115,141,172,216,279,347,430,540,658,793,1024,1099,1328,1247,1223,1190,973,859,691,516,408,271,192,133,110,84,54,45,24,23,13,10,10,7,5,3,1,1,0,0,1,2],"bins":[-0.451276957988739,-0.4386266767978668,-0.42597639560699463,-0.41332608461380005,-0.40067580342292786,-0.38802552223205566,-0.37537524104118347,-0.3627249598503113,-0.3500746488571167,-0.3374243676662445,-0.3247740864753723,-0.3121238052845001,-0.29947352409362793,-0.28682321310043335,-0.27417296171188354,-0.26152265071868896,-0.24887236952781677,-0.23622208833694458,-0.2235717922449112,-0.210921511054039,-0.19827121496200562,-0.18562093377113342,-0.17297065258026123,-0.16032037138938904,-0.14767009019851685,-0.13501977920532227,-0.12236949801445007,-0.10971921682357788,-0.09706893563270569,-0.0844186544418335,-0.07176834344863892,-0.059118062257766724,-0.04646778106689453,-0.03381749987602234,-0.021167218685150146,-0.008516907691955566,0.004133373498916626,0.01678365468978882,0.02943393588066101,0.0420842170715332,0.05473452806472778,0.06738480925559998,0.08003509044647217,0.09268537163734436,0.10533565282821655,0.11798594892024994,0.13063623011112213,0.14328652620315552,0.1559368073940277,0.1685870885848999,0.1812373846769333,0.19388766586780548,0.20653796195983887,0.21918824315071106,0.23183852434158325,0.24448880553245544,0.25713908672332764,0.2697893977165222,0.2824396789073944,0.2950899600982666,0.3077402412891388,0.320390522480011,0.33304083347320557,0.34569111466407776,0.35834139585494995],"_type":"histogram"},"gradients/graph_1layer1.0.weight":{"bins":[-0.025688081979751587,-0.024756092578172684,-0.02382410503923893,-0.022892115637660027,-0.021960128098726273,-0.02102813869714737,-0.020096149295568466,-0.019164159893989563,-0.01823217235505581,-0.017300184816122055,-0.016368195414543152,-0.015436206012964249,-0.01450421754270792,-0.013572229072451591,-0.012640239670872688,-0.01170825120061636,-0.010776262730360031,-0.009844273328781128,-0.008912285789847374,-0.00798029638826847,-0.007048308849334717,-0.006116319447755814,-0.00518433004617691,-0.004252342507243156,-0.0033203531056642532,-0.00238836370408535,-0.001456376165151596,-0.0005243867635726929,0.00040760263800621033,0.0013395901769399643,0.0022715795785188675,0.0032035671174526215,0.004135556519031525,0.005067545920610428,0.005999533459544182,0.006931522861123085,0.007863510400056839,0.008795499801635742,0.009727489203214645,0.0106594767421484,0.011591466143727303,0.012523455545306206,0.01345544308423996,0.014387432485818863,0.015319421887397766,0.01625140942633152,0.017183398827910423,0.018115386366844177,0.01904737576842308,0.019979365170001984,0.020911352708935738,0.02184334211051464,0.022775329649448395,0.023707319051027298,0.0246393084526062,0.025571297854185104,0.02650328539311886,0.027435272932052612,0.028367262333631516,0.02929925173521042,0.030231241136789322,0.031163228675723076,0.03209521621465683,0.03302720561623573,0.033959195017814636],"_type":"histogram",