{"_runtime":172.9332889,"_step":4,"epoch":5,"loss":0.10299239850946582,"_timestamp":1.7290006391956878e+09,"_wandb":{"runtime":173}}