{"_runtime":1.7020707000000002,"_step":7,"acc":0.8728956109487711,"loss":0.07508855314820742,"_wandb":{"runtime":1},"_timestamp":1.728925586891638e+09}