{"epoch":5,"loss":0.09936532973429002,"_timestamp":1.7289878085011032e+09,"_runtime":191.6007732,"_step":4,"_wandb":{"runtime":192}}