{"_step":4,"epoch":5,"loss":0.016276307120022968,"_timestamp":1.728985158770327e+09,"_runtime":756.92245,"_wandb":{"runtime":761}}