{"_wandb":{"runtime":79},"epoch":4,"parameters/fc.bias":{"values":[1,0,0,0,1,0,0,1,0,0,0,0,0,0,0,0,0,0,2,0,0,0,0,0,0,0,0,0,0,0,0,0,0,0,0,0,0,0,0,0,0,0,1,0,0,0,1,0,0,1,0,0,0,0,0,0,0,0,1,0,0,0,0,1],"bins":[-0.0542416051030159,-0.05263124406337738,-0.05102088302373886,-0.04941052570939064,-0.04780016466975212,-0.0461898036301136,-0.04457944631576538,-0.04296908527612686,-0.04135872423648834,-0.03974836319684982,-0.038138002157211304,-0.03652764484286308,-0.034917283803224564,-0.033306922763586044,-0.031696565449237823,-0.030086204409599304,-0.028475843369960785,-0.026865482330322266,-0.025255123153328896,-0.023644763976335526,-0.022034402936697006,-0.020424041897058487,-0.018813684582710266,-0.017203323543071747,-0.015592962503433228,-0.013982601463794708,-0.012372240424156189,-0.010761883109807968,-0.009151522070169449,-0.0075411610305309296,-0.005930803716182709,-0.0043204426765441895,-0.0027100779116153717,-0.0010997168719768524,0.0005106441676616669,0.0021210014820098877,0.003731362521648407,0.005341723561286926,0.006952080875635147,0.008562441915273666,0.010172802954912186,0.011783163994550705,0.013393525034189224,0.015003882348537445,0.016614243388175964,0.018224604427814484,0.019834963604807854,0.021445322781801224,0.023055683821439743,0.024666044861078262,0.026276404038071632,0.027886763215065002,0.02949712425470352,0.03110748529434204,0.03271784633398056,0.03432820364832878,0.0359385646879673,0.03754892572760582,0.03915928304195404,0.04076964408159256,0.04238000512123108,0.0439903661608696,0.04560072720050812,0.04721108451485634,0.04882144555449486],"_type":"histogram"},"_timestamp":1.728962411550497e+09,"loss":0.04756259545683861,"gradients/fc.weight":{"_type":"histogram","values":[1,1,0,0,0,0,0,0,0,0,1,3,0,2,4,1,6,5,3,4,6,8,20,18,21,30,29,51,58,77,144,311,12528,1651,264,115,97,52,48,22,22,18,16,9,6,7,1,7,3,2,3,2,1,0,0,0,0,0,0,0,1,0,0,1],"bins":[-0.05241173505783081,-0.050816819071769714,-0.04922190308570862,-0.04762698709964752,-0.04603206738829613,-0.04443715140223503,-0.042842235416173935,-0.04124731943011284,-0.039652399718761444,-0.03805748373270035,-0.03646256774663925,-0.034867651760578156,-0.03327273577451706,-0.03167781978845596,-0.030082901939749718,-0.028487984091043472,-0.026893068104982376,-0.02529815211892128,-0.023703234270215034,-0.02210831828415394,-0.020513400435447693,-0.018918484449386597,-0.0173235684633255,-0.015728652477264404,-0.014133736491203308,-0.012538816779851913,-0.010943900793790817,-0.009348984807729721,-0.007754068821668625,-0.006159152835607529,-0.004564233124256134,-0.002969317138195038,-0.0013743974268436432,0.000220518559217453,0.0018154345452785492,0.003410354256629944,0.00500527024269104,0.006600186228752136,0.008195102214813232,0.009790018200874329,0.011384937912225723,0.01297985389828682,0.014574769884347916,0.016169685870409012,0.017764601856470108,0.019359519705176353,0.02095443569123745,0.022549353539943695,0.02414426952600479,0.025739185512065887,0.027334103360772133,0.02892901934683323,0.030523937195539474,0.03211885318160057,0.03371376916766167,0.03530868515372276,0.03690360486507416,0.038498520851135254,0.04009343683719635,0.041688352823257446,0.04328326880931854,0.04487818479537964,0.04647310450673103,0.04806802049279213,0.049662936478853226]},"parameters/layer1.0.bias":{"values":[1,0,0,0,0,0,0,0,0,0,1,1,0,0,0,0,0,0,0,0,0,0,1,0,0,0,1,0,1,2,0,1,0,0,1,0,1,1,0,0,0,0,0,0,1,0,0,0,0,1,0,0,1,0,0,0,0,0,0,0,0,0,0,1],"bins":[-0.187600240111351,-0.18364660441875458,-0.17969296872615814,-0.1757393330335617,-0.17178569734096527,-0.16783206164836884,-0.1638784259557724,-0.15992479026317596,-0.15597115457057953,-0.1520175188779831,-0.14806388318538666,-0.14411024749279022,-0.1401565968990326,-0.13620296120643616,-0.13224932551383972,-0.1282956898212433,-0.12434206157922745,-0.12038842588663101,-0.11643479019403458,-0.11248115450143814,-0.1085275188088417,-0.10457388311624527,-0.10062024742364883,-0.0966666117310524,-0.09271296858787537,-0.08875933289527893,-0.0848056972026825,-0.08085206151008606,-0.07689842581748962,-0.07294479012489319,-0.06899115443229675,-0.06503751873970032,-0.061083875596523285,-0.05713023990392685,-0.053176604211330414,-0.04922296851873398,-0.04526933282613754,-0.04131569713354111,-0.03736206144094467,-0.033408425748348236,-0.0294547900557518,-0.025501146912574768,-0.021547511219978333,-0.017593875527381897,-0.013640239834785461,-0.009686604142189026,-0.00573296844959259,-0.0017793327569961548,0.0021743029356002808,0.006127938628196716,0.010081574320793152,0.014035210013389587,0.017988845705986023,0.021942485123872757,0.025896120816469193,0.029849756509065628,0.033803392201662064,0.0377570278942585,0.041710663586854935,0.04566430300474167,0.049617938697338104,0.05357157438993454,0.057525210082530975,0.06147884577512741,0.06543248146772385],"_type":"histogram"},"parameters/fc.weight":{"values":[1,0,1,1,1,3,3,4,1,6,9,10,10,10,13,13,19,23,40,46,53,56,58,96,134,187,224,279,388,490,639,773,1002,1157,1364,1479,1426,1362,1125,852,636,496,338,231,175,117,84,74,43,39,26,15,17,14,6,3,1,1,1,2,0,2,0,1],"bins":[-0.5260749459266663,-0.511435866355896,-0.49679672718048096,-0.4821576476097107,-0.46751853823661804,-0.4528794288635254,-0.43824031949043274,-0.4236012101173401,-0.4089621305465698,-0.3943229913711548,-0.3796839118003845,-0.36504480242729187,-0.3504056930541992,-0.33576661348342896,-0.3211274743080139,-0.30648839473724365,-0.291849285364151,-0.27721017599105835,-0.2625710666179657,-0.24793198704719543,-0.23329287767410278,-0.21865376830101013,-0.20401465892791748,-0.18937554955482483,-0.17473644018173218,-0.16009736061096191,-0.14545825123786926,-0.1308191418647766,-0.11618003249168396,-0.10154092311859131,-0.08690184354782104,-0.0722627341747284,-0.05762365460395813,-0.04298454523086548,-0.028345435857772827,-0.013706356287002563,0.0009327530860900879,0.01557186245918274,0.03021097183227539,0.04485008120536804,0.059489160776138306,0.07412827014923096,0.08876737952232361,0.10340648889541626,0.11804559826850891,0.13268470764160156,0.14732378721237183,0.16196289658546448,0.17660200595855713,0.19124111533164978,0.20588020980358124,0.2205193191766739,0.23515841364860535,0.249797523021698,0.26443663239479065,0.2790757417678833,0.29371482133865356,0.3083539307117462,0.32299304008483887,0.3376321494579315,0.35227125883102417,0.36691033840179443,0.3815494477748871,0.39618855714797974,0.4108276665210724],"_type":"histogram"},"_step":57344,"gradients/fc.bias":{"bins":[-0.00661054952070117,-0.006434199400246143,-0.006257849745452404,-0.006081499624997377,-0.005905149970203638,-0.0057287998497486115,-0.005552450194954872,-0.0053761000744998455,-0.005199749954044819,-0.0050234002992510796,-0.004847050178796053,-0.004670700058341026,-0.004494350403547287,-0.004318000748753548,-0.004141650162637234,-0.003965300507843494,-0.0037889506202191114,-0.0036126007325947285,-0.0034362508449703455,-0.003259900724515319,-0.003083550836890936,-0.002907200949266553,-0.00273085106164217,-0.0025545009411871433,-0.002378151286393404,-0.0022018011659383774,-0.002025451511144638,-0.0018491013906896114,-0.0016727512702345848,-0.0014964016154408455,-0.0013200514949858189,-0.0011437018401920795,-0.0009673517197370529,-0.0007910015992820263,-0.000614651944488287,-0.00043830182403326035,-0.000261952169239521,-8.56020487844944e-05,9.074807167053223e-05,0.00026709772646427155,0.00044344784691929817,0.0006197975017130375,0.0007961476221680641,0.0009724975097924471,0.00114884739741683,0.001325197285041213,0.0015015474054962397,0.0016778972931206226,0.0018542471807450056,0.0020305970683693886,0.0022069469559937716,0.002383297076448798,0.002559646964073181,0.002735996851697564,0.002912346739321947,0.0030886968597769737,0.003265046514570713,0.0034413966350257397,0.0036177465226501226,0.0037940964102745056,0.003970446530729532,0.0041467961855232716,0.004323146305978298,0.0044994959607720375,0.004675846081227064],"_type":"histogram",